ID,Description
888635633350004738,"Student of politics, philosophy, psychology and stats. Tin foil hat wearing defender of civil liberties. PhD. from the school of hard knocks. Proudly Prole."
1411737717491191809,"Interested in Cryptocurrency, artificial intelligence and everything around us. (he/him)"
941498486792511489,"#FREEVICTORIA
#DONOTCOMPLY"
1470516418428870658,dads favourite  @keithcullen9
1363416204585570309,"No Medical Apartheid
Freedom and democracy
We are witnessing the collapse of mainstream medicine.  
Naturopath / Homeopath"
1445243235186532354,"Tyranny takes over when good people do nothing. 

An unwoke millennial which effectively makes me a unicorn.

God defend our free land ğŸ‡³ğŸ‡¿"
26977711,
2289423523,"Managing Director, Family, Conservative, Freedom of Speech, Chemistry, Climate Changes Always, Trumpeter, Guitarist, Aussie âŒ ğŸ˜Š ğŸ˜"
1462397749257654272,Always stand for you believe in â¤ï¸â¤ï¸
951332745023647744,"FOMOed into crypto Jan 2018  ,  hodler and bleeder but still here,BTC,  Cardano ,Dent, ,BTT,VTHO .Car enthusiast and dog lover ."
309267035,"ğŸ”¸ï¸JesusğŸ•‡ğŸ”¸ï¸FamilyğŸ”¸ï¸Patriot
ğŸ”¸ï¸ConservativeğŸ”¸ï¸ProLifeğŸ”¸ï¸UncontaminedğŸ”¸ï¸Matthew 21:12-13
ğŸ”¸ï¸It's time to take Australia backğŸ”¸ï¸
Parler: @RebekahsRight"
4509862400,MAGA..PRESIDENT TRUMP IS THE MAN!!! I WILL BLOCK ALL LIBSğŸ˜ğŸ‘
769408736863543296,#ProudDeplorable #ProLife #Christian ~Firm believer of my Second Amendment Rights!  ~ Proudly followed by @RyanAFournier #FollowBackAllPatriots
1455099168276418569,"Love to travel! Follow Trump and DeSantis, not necessarily in that order! Wife of retired Air Force vet. No DM.  Letâ€™s Go Brandon! ğŸ‡ºğŸ‡¸"
1399063589097455616,"#ConcervativeThug #RepubliCAN #PotSmokingPatriot

Cash App.. Buy Doc a â˜• $DocHoliday479"
2304684644,"Matches and challenges are back! Perrysburg, Toledo!! ;-) I love the bets, dares, challenges ..."
36809574,I'm here to avoid friends on Facebook.
1557891662,"Hi, i am Edison. I could help you to Build A Great Wordpress Website Based on UI/UX Design System."
1266039059773829123,ğŸ‡ºğŸ‡¸ Abortion is not health care. ğŸ‡ºğŸ‡¸ America First ğŸ‡ºğŸ‡¸ It's OK to be successful. ğŸ‡ºğŸ‡¸ Trump won ğŸ‡ºğŸ‡¸ Common sense rules. ğŸ‡ºğŸ‡¸ Personal responsibility. ğŸ‡ºğŸ‡¸
2292534577,TRUMP IS MY PRESIDENT ğŸ‡ºğŸ‡¸â¤ï¸ğŸ¤ğŸ’™ I STAND WITH KYLE â¤ï¸ğŸ™
1454321773718163457,"Pro Freedom equality, common sense, Truth, Justice, & The American Way."
864241030744473600,"Not a fan of Big Government Socialism/High Taxes
Welfare spending for ""slackers"" is not an ""investment""
Pronouns are for life's losers
Pro Death Penalty"
1124164582065336321,
1150460457876172803,getting better at parties
1316202456645337094,Getting paid to shitpost and share hyperlinks
912541076992520193,"Formerly Corncobs & Donuts, perma-swarm of haterz"
27212461,"I don't believe anything, but I have many suspicions. (R.A. Wilson)"
1543799401,
858482740903030785,"Independent thinker. Believe in searching for the truth.. Becoming passionate about politics.  Writer,cricket tragic, All Black supporter."
3182692994,Helps #SmallBusiness best utilize the affordable #technology at their disposal to compete with even the largest competitors.
1467387708406304771,"In a world of worriers, be a warrior because your life does not get better by chance. It gets better by a change."
1467727417745707015,Dark Dave
1192168600070692864,if you cannot see through the bullshit you're a sheep. #depopulation #goodvsevil
347613960,Chartist Trader #ASX  : Bottoms = Breakouts = Uptrends = Peaks + Support Zones  ..Hunter
2204806447,#bitcoin
859294034,Christ lover. Actress. Activist. Vegan.
1462705417058799617,"Freedom or death. It's that simple.

Connect with me on Telegram: https://t.co/UzOxOmeDCI"
1422873044624703492,Jack rubbed one out. It was me.
1543799401,
858482740903030785,"Independent thinker. Believe in searching for the truth.. Becoming passionate about politics.  Writer,cricket tragic, All Black supporter."
3182692994,Helps #SmallBusiness best utilize the affordable #technology at their disposal to compete with even the largest competitors.
1467387708406304771,"In a world of worriers, be a warrior because your life does not get better by chance. It gets better by a change."
1467727417745707015,Dark Dave
1192168600070692864,if you cannot see through the bullshit you're a sheep. #depopulation #goodvsevil
347613960,Chartist Trader #ASX  : Bottoms = Breakouts = Uptrends = Peaks + Support Zones  ..Hunter
2204806447,#bitcoin
859294034,Christ lover. Actress. Activist. Vegan.
1462705417058799617,"Freedom or death. It's that simple.

Connect with me on Telegram: https://t.co/UzOxOmeDCI"
1422873044624703492,Jack rubbed one out. It was me.
1422183968057794568,
1463426390573813766,"Digitech Outsourcing Solution (DOS), is a comprehensive company with the largest outsourced administrative/customer support which offers BPO services."
1397019385047523332,Proud American Patriot. #MAGA #KAG I love the USA. I support the lives of everyone. Our country is falling apart. I follow back all patriots. Time to take back
229056019,
1420753168565030915,"@ScottAdamsSays ex-pet sheep & personal vaccine tester 

Mostly harmless, but trained to attack unvaxxed, unmasked & Fauci deniers within 6 meters (parody acct)"
1147181160000368642,More ğŸ’© out there than my litter ğŸ“¦
1319336039832555525,Trying to make awareness that covid vaccine injuries and side effects can happen.
1137184906457600001,
1274876883981578240,I wrote a book you haven't read and co-host a podcast you don't listen to.
331278040,"Eco-Socialist, sustainable geek, pinhead, substacker #PTF - Pass The Fentanyl. Donâ€™t take fentanyl. Expressing frustration of our fâ€™d up society."
2310602413,ğŸ¥ RN ğŸ‘©ğŸ½â€âš•ï¸ ğŸ‡ºğŸ‡¸Patriot ğŸ‡ºğŸ‡¸Digital warrior ğŸ‡ºğŸ‡¸MAGAAğŸ‡ºğŸ‡¸ Made in America w/parts from ItalyğŸ‡®ğŸ‡¹ ğŸ¶ Dog-a-holic ğŸ¶ğŸ©ğŸ•ğŸ¾ LETâ€™S GO BRANDONâ€¼ï¸REFUND the Police!
1437221354022084609,sEER
1374371238483787777,
1399400862066352137,"""...life is pain. Anyone who says otherwise is selling something """
1133822682687057921,"not left right or center
just fucking revolutionary"
1400584840936792065,
856490920832716800,"Husband, father, Retired Army. NRA member. ABATE of WI member. USCCA member. Molon Labe.  You will see occasional typo's.  Life is good! ğŸ‡ºğŸ‡¸ #NRA #2A #MAGA"
1433819856160317445,"Data Science, Options Trading, Health and Wellness. Specialization is for insects."
1337986088430952450,"PT, artist, neurodivergent, Green Party. Save the planet. Socialist. Reparations. land back. Nonbinary. Celtic Joneser. Viking descendant.She/them"
943282171988627456,"ğŸ‡§ğŸ‡· | she/her | â˜­ M-L | married | ğŸ¶-mom |                  
| anti-imperialist | anti-fascist | anti-racist |"
1468527831416127491,
1543799401,
858482740903030785,"Independent thinker. Believe in searching for the truth.. Becoming passionate about politics.  Writer,cricket tragic, All Black supporter."
3182692994,Helps #SmallBusiness best utilize the affordable #technology at their disposal to compete with even the largest competitors.
1467387708406304771,"In a world of worriers, be a warrior because your life does not get better by chance. It gets better by a change."
1467727417745707015,Dark Dave
1192168600070692864,if you cannot see through the bullshit you're a sheep. #depopulation #goodvsevil
347613960,Chartist Trader #ASX  : Bottoms = Breakouts = Uptrends = Peaks + Support Zones  ..Hunter
2204806447,#bitcoin
859294034,Christ lover. Actress. Activist. Vegan.
1462705417058799617,"Freedom or death. It's that simple.

Connect with me on Telegram: https://t.co/UzOxOmeDCI"
1422873044624703492,Jack rubbed one out. It was me.
2937355699,ğŸ‡ºğŸ‡¸BornğŸ‡µğŸ‡­Roots #Cali RaisedğŸŒŠğŸŒ´â˜€ï¸ USABoxing ğŸ‡ºğŸ‡¸ğŸ¥ŠLevel 1 Coach/Referee/Judge-USA Basketball ğŸ‡ºğŸ‡¸ğŸ€Youth Devel Coach-#BroncosCountryğŸˆğŸ§¡ğŸ’™-ğŸ‘»â†”ï¸coachPoLo!
1352334418019553282,My former party sold me out and all of America.
171198419,Head Basketball Coach Moorpark HS (CA)
1442491483131564038,Hb
1239639534490525699,"Coaches Helping Coaches | Helping charities and non-profits raise 1.5M to date
ğŸ€Virtual Coaching Clinic ğŸ€
https://t.co/XWO6Gi8KS6

#GrowTheGame #GiveBack"
4704054707,I GAY
1651168728,
176235583,
1291179589704744961,"Eternal vigilance is the price of freedom. I support Lt. General Michael Flynn (Ret.) and you can, too! https://t.co/zr10CTm4ge"
1257230792301871104,make funny videos
1241825251006136320,creating opportunity through basketball...
1343949066489614338,Follower of Jesus Christ ğŸ‡ºğŸ‡¸
702954959415939072,"#FREEASSANGE
#KAG2024
#donotcomply

@timcast
@vijaya"
1236205818154037248,It's always not easy to say something about yourself is better when others say things about you
1468648261409902592,"Mary Magdalene Twin Flame and Fierce Protector of Jesus Christ.  Channeler of the Spirit of The Almighty Sophia.  Holy Spirit of the Trinity. Gaia, Mother Earth"
797173462490107904,"She is clothed in strength and dignity, and she laughs without fear of the future.  Proverbs 31:25. Prayer warrior."
1101245575087968257,"IFB Patriots Fighting BigTech censorship, market manipulation, invasions of privacy, & attacks on our personal liberties. Visit us: https://t.co/gn06NIxO8O"
1349467316245958657,"America- Remember who you are & why!

Proud daughter of a Vietnam veteran- USAF CMSGT 21 yrs served. God bless our Heros & their families ğŸ™ğŸ¼â™¥ï¸ğŸ’¯âš”ï¸ğŸ‡ºğŸ‡¸ğŸ‡®ğŸ‡ªğŸ‡­ğŸ‡º"
1417717635802828806,"Technology as a force for good and prosperity for all. President @ Zoho, Board @ Tamr, Cerberus Acquisition. Ex-Reliance, IBM, Sears CIO. Duke & Stanford Uni."
1303388123112583175,"ğŸ‡ºğŸ‡¸Nurse, Patriot, Nonconformist, 2A advocate, FJB. Liberalism is a mental disorder. IG pages: theandreaashe, nurseandrealynn, nurseandrealynn2.0"
1458092248558616590,
1444850387698262017,"PRO-TRUMP, #2A Love God & support those in Uniform and stand for the Flag Married NO LIST No DM! #BACKTHEBLUE #FightForTrump #FightLikeAFlynn"
738339289981812737,"100% Trump ,anti Globalisation,climate catastrophe skeptic , human trafficking hater , big Gov hater, Patriot , anti MSM pro gun anti abortion"
4483847958,enjoy everyday
1263604554110832645,Ex Dem. Tired of their lies! KAGA! Proud USN Vet! Love my country! Believer in Jesus as my savior! Love to laugh!love family! IFBAP same name on GAB
1453831224087166977,"Meme aficionado, when I was created I was ruff around the edges, but nowâ€¦Iâ€™m a smooth MF! â¤ï¸45. H846"
1442259574845628423,"I was suspended immediately upon creating this, my 21st account. Iâ€™m not a bad man Iâ€™m just a threat to Jack. Alpha male and proud of it! Valhalla bound ğŸ‡ºğŸ‡¸"
1032712160969990144,POTUS Trump is the greatest president in U.S. history MAGA KAG Trump landslide in 2020!!ğŸ‡ºğŸ‡¸ğŸ‡ºğŸ‡¸ğŸ‡ºğŸ‡¸ğŸ‡ºğŸ‡¸ğŸ‡ºğŸ‡¸ğŸ‡ºğŸ‡¸ğŸ‡ºğŸ‡¸ğŸ‡ºğŸ‡¸ğŸ‡ºğŸ‡¸ğŸ‡ºğŸ‡¸ğŸ‡ºğŸ‡¸ğŸ‡ºğŸ‡¸ğŸ‡ºğŸ‡¸ğŸ‡ºğŸ‡¸ğŸ‡ºğŸ‡¸ğŸ‡ºğŸ‡¸ğŸ‡ºğŸ‡¸ğŸ‡ºğŸ‡¸
1457183534486020100,"Godâœï¸, FamilyğŸ‘¨â€ğŸ‘©â€ğŸ‘¦â€ğŸ‘¦, Country ğŸ‡ºğŸ‡¸. If you get easily offended donâ€™t follow me. #MAGA All The WayğŸ‡ºğŸ‡¸â¤ï¸"
1305414898009034752,New Zealand news and views. Follow me!
1122795386819637248,"Our time on Earth is only temporary, so donâ€™t sweat the small stuff!"
3148022702,Fifth generation farmer with a bit of common sense. Shit stirrer. More AFL goals than handballs.(3086)
1349254853042716678,Just here to be a force multiplier.
1236410255145402370,ã€Œsoyboyã€ã‚’ãƒªãƒ™ãƒ©ãƒ«ã®æ¶™ãŠæ¼ã‚‰ã—ã ã€‚ğŸ˜¹ How beta is that?! Child SA and trafficking survivor. MÃ©tis.
1497122971,"#VotePPC
Anti-Lockdown, Anti-mask, Patriotic Canadian, Team Reality"
304855089,
1314418472399462400,Journalist/Reporter VNA Media. Former federal candidate. Ex-Ontarian. Current Albertan. Safety not Guaranteed. Contact: andyleevna@gmail.com
1056037219,"I'm here for the Pepe memes.
Anon.
https://t.co/TvlRf6R7Id
^1,000+ PDF's related to declass.
AKA: TheColdHardTruth on YT."
24416115,
710983755163426817,"Wine drinker, new normal denier, climate change heretic.  #Melbourneprotests  #NaturalImmunity #FullyEnslaved #UVCQ+ community member"
1017390557751119873,
850304526670344193,"#Indigenous 
#Latina
#VeteranUSNavyâš“
#CORPSMAN
#Grandma"
1432727811006021633,Semper Supra
1385325123381735429,"Musician, Fine Artist, ***Patriot Warrior*** ... Former Writer / Editor TLB, MC News, Podcaster, Meme Maker, â€¦"
945897666902396928,Not all who wander are lost âš“
32346061,"Catherine Campbell is a Spiritual Healer, 
Seeker of Peace, Truth and Justice in the World."
1460777343363031044,
1410920045794848775,"Nicholas Salzano, aka Nick Salzano of New York, USA, proud husband, father and family man! Founder of https://t.co/V0qZ859jzh, works at world traveling & writing."
1440340402628820999,Truth Justice & The American Way
1357931632016130048,"Travel dog with a YouTube channel.
https://t.co/hGusGqDVRC
Good/Best dog"
1377101113942441993,"A weekly podcast that takes a sharp-eyed look at nerdy cinema.
Listen @ https://t.co/aomAsJGGWT"
1375734797922758659,
1321646682359144448,I need Good Woman who will love me for who Iâ€™m not my money or properties
1419878253494366213,Hard-working legal document assistant in San Joaquin County
987211981177479168,
1365678726,"Singer/Songwriter, Eccentric, Introvert.
True Crime and Mystery YouTuber
https://t.co/xfQLa56Mok
GETTR - leaherin74
Rumble - https://t.co/JkPjEutqv9"
106319196,"Proud veteran of the RCNğŸ‡¨ğŸ‡¦âš“and International Oilpatch who's proud of his Country! ğŸ‡¨ğŸ‡¦âš“ğŸ‡¨ğŸ‡¦ All Countries, One People. ğŸ™ğŸ’¯ğŸ™"
831691644667781120,I must form a balance between the world about me and the world inside me -Tao Te Ching
1441391127714729985,Free Canada from Tyranny and Medical Authoritarianism. Stand up for your Rights!!
1347646057287741450,Here for the comments only!
1470110488361160713,I am a boy i like friends and family
1457723226629582850,"aspiring chicken farmer ğŸ‡¨ğŸ‡¦ I love magnesium, my dogs & freedom"
23540244,"Independent Member for Lanark-Frontenac-Kingston. True believer of Freedom, Justice and Democracy. I block all pseudonyms"
968687211993419776,"The worlds first erotic ecological organization -
and the sexiest activists on the planet.
15 years of #EcoPorn & #EcoSex liberation.
#fuckforforest #fff"
1415306934308200450,"Love Nature and the Truth! #pureblood #purebloods #donotcomply 
""There was no change in all cause mortality = There was no pandemic"" #wakeup"
98767459,"Best-selling + 24-Time Author: PAIN ERASERS, ESSENTIAL OILS FOR HORMONE BLISS, ESSENTIAL OILS HEALING DECK, THE CULTURED COOK, https://t.co/vYyA4KPg4x"
306255826,$XRP $XDC $VET $LGCY #NoVaccinePassportsAnywhere #FireTrudeau #FireTam #noSanitaryDystopia #GetCanadaBack
1156764280253026305,
512706553,Â« Soyez le changement que vous voulez voir dans le monde!Â» -Gandhi
1388230613237436424,"Anti lockdown, anti mask, anti vaxx, animal lover
bellezerbis on GETTR, follow if like-minded!"
1423441144474701826,"Profil censurÃ© par twitter, vivement le reseau de Trump, vous allez perdre tous vos abonnÃ©s Ã  agir ainsi."
1377619867713601546,Fighting the medical tyranny daily. Prisoner of ğŸ‡¨ğŸ‡¦. Channeling my inner Buffy. I block paid agitators & bots so donâ€™t bother. BuffySu58183737 on GETTR
1243247142438920192,"Free sovereign being, born in UK, living in Barcelona Spain, astrologer, tarot reader, conspiracy researcher, activist, traveller, backup profile bluefirefenix."
1426745742757146625,"Firmly believe in informed consent, full body autonomy and that natural immunity IS an option open to ALL of us.

Vaxxed or Unvaxxed, you are my friend."
1378785200189095938,"There is no pandemic. I will not wear a face covering, or get the so-called vaccine. Follows, likes, and retweets do not necessarily imply agreement. Anarchist."
861251669895630850,"ğŸ¥•ğŸ¥•ğŸ¥•LibÃ©ration-Nord est un des principaux mouvements franÃ§ais de rÃ©sistance pendant la Seconde Guerre mondiale, crÃ©Ã© en zone occupÃ©e Ã  partir 1940"
1389951116515831810,"Anarchist, Albertan, Trucker, Metalhead."
1241209798051237888,
1470804851059826688,Live my life to the fullest
1453012056525914124,"And above all, watch with glittering eyes the whole world around you because the greatest secrets are always hidden in the most unlikely places. ğŸ˜ğŸ˜â¤ï¸ğŸ‡ºğŸ‡¸"
1225806975428157441,Imperfect follower of Christ. Former fetus. 32+yrs #USCG vet. Molon Labe. #2A #MAGA #IStandWithTrump #Resist  #FJB   Let's Go Brandon   Chromosomes XY
1434330162628284423,"U.S. Army Vet, Married to my Wife & best friend for 28 years and still going.  Proud Constitutional Conservative. Proud Deplorable. 
#MAGA #1A #2A"
1376623681422643200,The mission of The Awareness Foundation is to highlight truths that are hidden from plain sight.
728945540,
1454555000215154700,https://t.co/sCr1gcjNia
1443220511031320578,å¯»æ‰¾ä¸€æ®µè®¤çœŸçš„æ‹çˆ±å…³ç³»ï¼
1387457982078889991,Software engineer.
1377589865378947076,15 +year trader focused on #options #Smallcaps & #OTC/ #Lowfloats  +#Qualitysetups=Big moves/ see@UTR_info discord #UTR
1370609587930361856,"I miss my President!!
Constitutional conservative ğŸ‡ºğŸ‡¸ğŸ¦…"
1188170505574113280,"Christian, father of 4, conservative patriot, NRA, do-it your selfer, happily married, Harley owner, retired."
1430211561491206147,"AMERICA FIRST - FREEDOM - TRUMP - PATRIOT

""The tree of liberty must be refreshed from time to time with the blood of patriots and tyrants.""

IFB ALL PATRIOTS"
1245058547479650304,
821241414373646337,"3rd gen California native, father, husband, artist, friend,  and of course a Patriot.  Who is the real Qaptain Ameriqa?"
870535898,"Christian, Retired Bass Playin' Oil Field Trash Extraordinaire. Convention of States #COSProject, Retweets â‰  endorsements, Need Twitter Dislike button ğŸ’©ğŸ¦ğŸ‡ºğŸ‡¸"
1423323136217452554,
1457507059922919424,Born again Christian studier of Torah Patriot avid trump@supporter retired
1424835744380641286,I was a hometown reporter who liked to tell stories. Then I was a mother who kept on writing. Now I am an author with Southern tales of my own to share.
1391270279599513602,5th Gen Texan | 2A | Independent | Fiscal Conservative | Proud MAGAt
1432081301708976137,Patriot Party of the USA â€¢ BANNED by Twitter at 180k followers â€¢ AMERICA FIRST Conservative â€¢ #MAGA â€¢ We Follow Back all PATRIOTS!!!
544690151,"All about God, my family and the Habs!"
564403651,"Hockey player, coach, card collector, patriot & freedom fighter. Right winger. Daily stretches. Followed by Grapes & Knuckles. #Bluenoserbeauty #TheCoach902"
1559620609,"Political junky , baseball enthusiast, lover of pecan pie , enjoy Saturday morning coffee along with a newspaper"
1114277210549030918,You're here for a Good Time not a Long Time. -Trooper. ğŸ˜ğŸ‘Š
1445227483947798534,disciple. husband. father. rev. bus. pol. golfer.
1122482860240318465,"I am a  business consultant , work for Chevron!!"
74223380,All about the Habs and 49ers
1435274392301342722,"Single 30, Kentucky,Snoopy Fan, Led Zeppelin Fan, WWE Fan, AEW Fan, I Love Christmas ğŸ„And Church #ChooseLifeğŸ’› #SpreadLoveâ¤ï¸ #Hallmark #ChristmasCountdown"
1038712148,President Master's College & Seminary @mastersPTBO ğŸ‡¨ğŸ‡¦ // Grad @seuniversity // Do Life Different #eatmoverest // Ottawa-born & fan of our teams //#lovethecity
1363958480978255882,"Welcome to one of my schemas. I'm here simply to read, learn, & share some of my insights. #Writer #RetailInvestor #SportsFan #PersonalDevelopment #JesusIsKing"
1186025459722506240,Page for #Habs fans. News. Stats.                       Prospect Watch. Live Streams. Everything #Canadiens #GoHabsGo #HockeyTwitter #HabsNation #DriveFor25 #CH
764745673,Healthy Living...alternative medecine....and just love nature.....FREEDOM !! Truth seeker !
2865410130,#votePPC for change. Itâ€™s time. Enough is enough. We need our DeSantis.
297464131,"Down to Earth Education offers â€œreal worldâ€, award-winning Virtual Presentations on Black/Canadian History, Science, Social Science & more!"
1456649702468988929,Pray for GraceğŸ˜‡
1157087658293829634,"We provide nano solutions in a clean, easy to ingest, coconut oil powder-based capsule. Super Carbon 60 -  Nemerex Immunity - Super Fullerene for Dogs"
1445110365122019333,
1222539520308105223,@UofNorthDakota Alum | IG: @ harrykrank |Snap @ harrusbueller | RT â‰  endorsement | Opinions are my own. | Please don't DM me.
1329087600787767300,"ğŸ‡ºğŸ‡¸A girl who loves her Family, Friends, and RelativesğŸ‡ºğŸ‡¸Make America Great AgainğŸ‡ºğŸ‡¸Follow Back 100%ğŸ‘ğŸ½ IG: https://t.co/PDNi8tZsJ8 ğŸ‡ºğŸ‡¸"
3148180999,"ğŸ‡¨ğŸ‡¦ Christ is King ğŸ´ó §ó ¢ó ³ó £ó ´ó ¿ pro-life, pro-gun, strong conservative views. Latino-Canadian. RT and follows â‰  Endorsement"
26695674,
1470907798263373832,"I'm kind of a big deal. 
I like air. Long distance relationships don't fool me.
Don't hate me cuz I'm misunderstood.
I like Weed.
ğŸ§‚"
319458284,"The most normal, average guy trying to be a better person, better son, better father, and better citizen."
1298284468348821504,"5th grade teacher at McGregor Elementary, Mizzou Alum"
4271160858,Using #Twitter to build your #homebiz? This exact training will get YOU free leads dailyâ€¦PM me on FB for details.../MeetBillMMoore
1459836751820771335,"ğŸ’± BITCOIN TRADER
ğŸ“ENTREPRENEUR
ğŸ™GOD FIRST
ğŸ’µEARN 1000$ WEEKLY.HIT ME UP TO KNOW HOW"
1451957247962144774,Hi guys
1467272185274318852,givers never lack
772065921665863680,The official account of Captain Springfield. Currently ran by your 2021 acting #CaptainSGF Rebecca Weber with CASA of Southwest Missouri
913895922693685248,
2302634324,
1156988582529306629,Informaticist Teacher YogiMom Ventilation Filtration #CovidIsAirborne #CleanAirCrew https://t.co/ELStPqSf6m Aranet4 CO2 monitor $209 w coupon â€œCleanAirHolidays
25630172,"Encourager in Chief, Leadership/Team Developer, â¤ï¸SDC, Member of Big Cedar Golf Staff, ğŸ‘45, Phil 4:13  ğŸ‡ºğŸ‡¸ğŸ‡ºğŸ‡¸ â¤ï¸KJ... #John15:12"
36828051,The truth will always find a way to make itself known.
1468584445402058760,Question the narrative
1447686472560111618,"Personal Blog Follow Melanin Bossâ€™Sis On Their Journey To Entrepreneurship, As We Inspire, Encourage & Empower One Sis At A Time ğŸ’…ğŸ¿"
1468381937844772871,
46235711,
1364017947816169472,"A dad to Jack, a single man and a fighter"
30844417,I work @Yale focusing on operations research/epidemiology for infectious disease. In the real world: been an AIDS activist for ~30 yrs. Assoc. Prof YSPH.
1218623229629292544,"The Only Thing a Government Needs to Make People Into Slaves 
---
    Is Fear
---

Rev:9:11
#APOLLYON #ABADDON
     Our Destroyers are Among Us"
1455309611129528327,
1459132008857223172,Barry | Love â¤ï¸ | Motivation ğŸ”¥Personal Blog - Personal Trainer Custom plans & services available worldwide https://t.co/NN3QAZj3W0
1438858063730155520,
765316349572763648,"I may not agree with what you say, but I will fight to the death for your right to say it...and my right not to have to listen to it."
3705826272,Life long learner and lover of life
39237899,"INFJ Dem in KS, Fond of Music, Science, Facts, Compassion, Academics. Stoic. Epicure. Thing/It. KC Chiefs. No oligarchy, autocracy, or theocracy #resist #love"
2955356551,"Scientist , Molecular Biology. Educator Hate Trump, conspiracy theories, and the GOP. I follow back unless mention religion, bit coins  or chumming.  No DMs"
866299930142486530,"Sustainability leader, Twin Cities, USA, views are my own."
1290148538,"Nerd, History, Politics, Illini Fan."
257848041,"Marketer, Facilitator, Lens Cleaner, Meditator, Explorer & Dad. Paying the rent for the privilege of living on Earth. Still hearing the call of the Tararuas."
1089419890325360641,#VaccinateForLife #GOPSeditiousTraitors #EndTheFilibuster #PassFTPA #60PercentIsNoDemocracy Followed by @funder @glennkirschner2 @mmpadellan. @NikkiIsBlooğŸ‘ˆAlt
2227241254,
110194870,
942764704405082112,
2816078672,"If you walk on eggshells around me, you shouldn't have dropped the eggs."
1228784608231272450,"& here we go againâ£ï¸If you want to confirm if this is me, DM me over at u-know-where. :)  All content belong to its respective owners."
805520731278872576,"I love everyone, except you."
1462456306397241344,"Hello friends 

Greetings my name is Ousman 

Iâ€™m from the west Africa the smiling cost of The Gambia ğŸ‡¬ğŸ‡²"
1177281373704318976,Real Housewives of CLINK CLINK ERIKA GIRARDI.
781630010,#teamderekx
1427352792641966082,"here for tiffany, hannah & azah"
872188483607158786,"Pug dad. TV Blogger, graphic artist, designer, podcaster. I cover BB for @BigBrotherNet INTP. Horror fan. â€œPurveyor of Good Opinions.â€ Opinions are my own."
1288602164646961153,Told God my worries ğŸ‡³ğŸ‡¬ my new single! out now ğŸ‘‡
926387860013535232,"I love myself.
The world has a need for me.
I am unique.
I can and I will do things to promote healing in my life."
772980357310345217,He/him. FTM trans dad to 3 humans and a gifted & talented dog. Progressive lefty. Reality show stan. Unapologetic cargo shorts wearer. Neurologically impaired.
1358930583146139649,President of Business and Economics Alumni @CityCollegeNY Ops Management Expert. Runner. Road Trip Enthusiast
738736064181993473,"My children matter most.  That's all.
I'm on Twitter fighting against FASCISM but I've also gotten some good movie recommendations."
48120604,
4047781366,"NYC mom, 4th gen. NYer. Outraged at the propulsion of children & families into societal outcasts during covid."
1268180288993198083,
67124137,"Tweet, tweet."
1452993072938299403,New York and Ontario native. Considered a lefty in 2019. Politically homeless in 2021
316795030,Events at @Landmark Ventures. Founder: Feel Good Day (.org) + #cf2030 + @HottPods. Single issue voter. Go Habs Go.
750980013302878208,"#UNMASKOURCHILDREN 
Anti-dystopian, non-utopian."
1425141110561771526,No â€œhealthâ€ passports. No mandates. Stop the insanity. #unmaskourkids
1408853523568238596,Liberal deeply disturbed by left's unscientific insistence on denying natural immunity & pushing vax on kids. Pro-science. Anti-vax passport. Not anti-vax ğŸ¤·â€â™€ï¸
1447199772926889987,SEAL Team 666
388291968,"come & take it. de$ign at @ln_strike, previously @bitmex"
1439307258043801612,
3005041313,"Fix Everything, Forever"
1385156418253230080,
1466794884770451459,"Now in doing art trading platform promotion, an art trading platform just made, need a large number of artists in the platform to sell their art"
700659659347103745,"Sworn to assault.Dedicated to abuse. Portland,Oregon. Call or Text 911 for get tear gassed (in progress) or 503-823-3333 to talk to b*astards. #ACAB ğŸš©ğŸ´#FUCK12"
823554122532069376,Spiritual Ganster
16411851,International woman of mystery. MA Philosophy. Leftist muckraker. Host of @34thpod podcast. Sometimes @statuscoup Parody @queenpumala
18571223,A man with a holistic vision of success.
927241120073093120,"With more people out there we can stop hunting quickly. Left to â€œthose in chargeâ€ this will go on for decades 
#huntcrime #needmoresabs"
3146704649,"On Twitter to ask questions.Image consultant from FIT, NYC. Double gold medalist.MScTextiles. Mom of two hoomansğŸ‘« and a dogğŸ¶ #Lillibet"
1295309423305306112,
1107656715971903488,"IndianMuslim
IntrovertNerd
BuksNatureTravel
FavSymb:â“
Pluralism is Priceless!
India-worst yrs-2014 onwrds!
Save India Frm â˜ ï¸Modiâ˜ ï¸Shahâ˜ Sanghâ˜ ï¸
AntiâŒCAAâŒNPRâŒNRCâŒ"
1151021036793561088,Dr Chandrasekharappa RTD Director KMF.
800719486022131712,"ğŸ’¯%FBà¥¤ 
 Student  ğŸ‡®ğŸ‡³ Jai HindğŸ‡®ğŸ‡³

 à¤œà¤¯ à¤œà¤µà¤¾à¤¨ğŸ‡®ğŸ‡³à¤œà¤¯ à¤•à¤¿à¤¸à¤¾à¤¨ğŸ‡®ğŸ‡³ #kisan"
3461720713,
136316253,"Unapologetic liberal who still believes that humanity is not dead yet despite all efforts to destroy it, anti- fascist, anti-RSS, #INCian by heart and ideology"
1468921710380417025,
155461326,"Lifelong Learner, Civil Engineer and Law student"
1466641768477253637,Only Believe in@RahulGandhi Politics
1253236844600242177,Social Activist ||  Forever à¤•à¤¾à¤‚à¤—à¥à¤°à¥‡à¤¸à¥€ âœ‹ || Veiws are Personal || RTs not endorsement.
1031786759225593856,"A member of Vector Class.
https://t.co/4SxltjNBqH"
358266994,Any sufficiently advanced stupidity is indistinguishable from evil.
960758076256088064,
1429448380372201473,7 / 160
1444257907462213639,"An ounce of prevention. #COVIDisAirborne
Love & rage in the Pyrocene. Arrived at 335 ppm.
This is Aboriginal land."
1360715290561056768,"This is the city: Los Angeles, California ğŸ˜· mom â€¢ news junkie â€¢ Krampus is coming ğŸ‘¹ğŸ„"
222362214,"Small software business owner in Kirkland, WA and Osaka, Japan. Married 31 years to Naoko."
877534322445750274,"Socialist - Humanist - Give Peace a Chance

PS: Stop forgetting about Long Covid. How to avoid Long Covid? Don't catch Covid."
20109271,
1154364468295589888,"The ghost of Ronald. Parody Account, obvs."
288335685,#Elon4Prison
1511614128,Retired and looking to help make a better world
1465481429769494535,
1459586815942406150,"Be kind and shear joy Marines ğŸ‡ºğŸ‡¸
Active duty military base 
Widower with three handsome kids 
God bless my country ğŸ™âœï¸ğŸ˜‡ 
l love my country so muchğŸ‡ºğŸ‡¸ Syria"
1376727114355970048,Being honest ğŸ
1235425125551558656,"In God we trust , positive tough"
1364104114335076352,Single mother of 3years little dude . Live your best life be happy
1318279781746724864,Family Doctor. Mother of twinsğŸ‘¶ğŸ‘¶. Kids need to be in school. Kids need to participate in sports without wearing a mask.
1464986460722012161,"Here to ask questions about the predominant Covid narrative in Ontario, Canada.  I am a PhD student at an Ontario university -- name is withheld."
100854093,
1449819971480137734,I am a simple man with a soft heart of helping people
1217205266363510784,"#Continuingeducation workshops for #healthcareprofessionals, worldwide. Register for our #webinars at https://t.co/wt5lqx4RNt. Live and on demand."
2843176516,
1437818016104865801,"teacher. child advocate. healthy living. â˜•lover. cooking.
â˜€ï¸outdoors.  âš¾ï¸ & ğŸ’family.ğŸ¥±covid. ğŸ™freedom

#NoVaccinePassports 

#LeaveOurKidsAlone"
799865946387152896,CEO @cannalogue|Healthcare Technology|#MedicalCannabis|Internal Medicine|GI|Adv Endo|Faculty @MacDeptMed|Views My Own|#Innovation|#Discovery|#JediğŸ‡¨ğŸ‡¦ğŸ‡ºğŸ‡¸ğŸ‡±ğŸ‡°ğŸ™
1427417324668268545,
915991337933078531,ğŸ‡¨ğŸ‡¦ ğŸˆ Concerned Dad. #novaccine passports #EndtheLockdowns CLASSICAL liberal. Division is the tool for whatâ€™s coming. Tweets my own.
1381934997880328195,I became a teacher to HELP KIDS. We need to find our way back to human connection again. Thoughts are my own.
1384546719199678468,BU Acct. Broadcasting truth about the election steal and plandemic. Constitutional Conservative. Veteran. Caution: I do not hold back. Snowflakes be advised.
1464987637375127552,"Hi, Welcome to my profile.
 I am a professional Graphic Designer. I can design beautiful T shirt, Logo & Business Card."
2604638604,The person who makes a success of living is the one who see his goal steadily and aims for it unswervingly. That is dedication.
1037768807878557696,"Stelios, Stelios Kontos"
1444850387698262017,"PRO-TRUMP, #2A Love God & support those in Uniform and stand for the Flag Married NO LIST No DM! #BACKTHEBLUE #FightForTrump #FightLikeAFlynn"
1413174825254858753,"""A Republic, if you can keep it."" Benjamin Franklin
E Pluribus Unum
Second Incarnation on twitter, formerly @ Metalworks4"
1406354567844052994,NonGMO. FEAR IS THE MINDKILLER. THEY want us Divided. This is an info/spiritual war. GOOD V EVIL. vitd k2 zinc magnesium selenium NAC.
1362429350839259141,A founder of Young Ohioans for Goldwater . Former president of Kent State College Republican Club.  Was membership Chairman Summit County Young Republican Club.
542962969,"ğŸ‡ºğŸ‡¸ Patriot, MAGAâ€¦ Love Texas, L.A., cats, Seinfeld, Chick-fil-Aâ€¦ ğŸ‡¬ğŸ‡§ #KBF â€¦ ğŸ´ó §ó ¢ó ³ó £ó ´ó ¿ Anti-SNP... ğŸ‡¨ğŸ‡¦ #PPCâ€¦ ğŸ‡¦ğŸ‡º #SaveAustralia"
193118858,Thereâ€™s always a light at the end of the tunnelğŸ™ğŸ¼â˜€ï¸
1421178364174417922,I'm an easy going woman
762366474,Founder in #EdTech | Alumnus of @ImperialCollege | #Research #Innovation #AI #MachineLearning | Views are my own | Self-censored | Likes/Shares â‰  endorsement
391400254,
1380470145437601796,"Live in Madina Saudia Arabia
Wish me on 13 August"
1302242517258248192,
1429795241289191430,"Freedom loving American, who can't tolerate socialist parasites"
527356609,political affiliation: Trump
334595086,"Bad humour, even worse spelling and Greek (no salvation what so ever). Retweets mean look what this guy/gal said :P"
836155190,"Singer-songwriter, poet, actor. Originally from Pittsburgh, PA, now living in Vancouver. American citizen living in Canada."
4870540745,"Datamart is a global full-service #SoftwareDevelopment company that offers technical consulting, #SoftwareEngineering and #StaffAugmentation services."
485835126,Managing Director @IrisAccountants | National Award Winning #Entrepreneur | NatWest #Business Accelerator Mentor | #Leadership | #Strategy | #Accounting | #Tech
1460104740059164673,He who feels it knows it.
762366474,Founder in #EdTech | Alumnus of @ImperialCollege | #Research #Innovation #AI #MachineLearning | Views are my own | Self-censored | Likes/Shares â‰  endorsement
391400254,
1380470145437601796,"Live in Madina Saudia Arabia
Wish me on 13 August"
1302242517258248192,
1429795241289191430,"Freedom loving American, who can't tolerate socialist parasites"
527356609,political affiliation: Trump
334595086,"Bad humour, even worse spelling and Greek (no salvation what so ever). Retweets mean look what this guy/gal said :P"
836155190,"Singer-songwriter, poet, actor. Originally from Pittsburgh, PA, now living in Vancouver. American citizen living in Canada."
4870540745,"Datamart is a global full-service #SoftwareDevelopment company that offers technical consulting, #SoftwareEngineering and #StaffAugmentation services."
485835126,Managing Director @IrisAccountants | National Award Winning #Entrepreneur | NatWest #Business Accelerator Mentor | #Leadership | #Strategy | #Accounting | #Tech
1460104740059164673,He who feels it knows it.
33776463,"NO DMs /Love my furkids, Hockey #Stlblues , football (GO ALS), ğŸ’™ #MAGA #MCGA #PPC ğŸ’— Oh and kicked cancer AND Covid flu's butt in same year! â™¥"
1454642832178831360,"#Godfirstâ¤ï¸  Real for hope kids ministry. Itâ€™s help children and orphans,in psalm:55:1 God hear my prayers donâ€™t ignore my cry for help, I will forget my pain"
1403813249905274883,Ã‡a va faire!ğŸ˜¤
21897322,"Husband, father, friend

I back the blue and our military
Unapologetically white
Lover of dogs and

everything music

Pronouns Smith/Wesson"
3973800617,Love Animals
918573396035801088,"Emilia | Orthodontist | Travel & Lifestyle Influencer |  
âœ¨ Live Laugh Smile Dream Travel Colorfully âœ¨
#BubblyMoments"
2290755964,"I follow back #prolife #Trump2020, Just a ole redneck ,#BanSharialaw... #BANHILLARY
   #pedophiliaISEVIL not lookin for a date"
1349960944760180736,"Like #Stlblues Hockey ğŸ’   Coffee â˜• And Donuts ğŸ© In The Mornings ğŸŒ
  @StLouisBlues"
209689423,"Trotters and Pacers.
Kelly, Kaitie and Amelia.
Guitars, Cigars, Jazz. 
Ex-Navy. 
Hipster Doofus.
Grand High Exalted Mystic Ruler.
Pronouns: 9mm/F-150"
2696582767,F/B @ScottBaio @MrsScottBaio @ChefGruel @grandoldmemes @libsoftiktok @laralogan @SteveInmanUIC @WayneDupreeShow @RyanAFournier @atensnut @KylenaBecker & You
23260848,"Husband, Dad, Conservative and proud NRA member .I would rather have a gun and not need it than need a gun and not have it.   #LETSGOBRANDON"
1433179981903978500,Formerly @RxnNana. Good Samaritan story today would result in death by exposure. #PAS #ChildAbuse #Statebar is #Corrupt   Life isn't brain science. Q
1311637107618840579,For parent equality against parent alienation.Parent alienation is Child Abuse!! Narcissistic survivor and falsely accused.
772163183570288640,"Proud American, Loving Husband and Dad, Angry Veteran. Work hard, treat people right."
5867682,"Believer, Husband, Dad / Owner @vegastudiotx â€” Interests: theology, ancient & medieval philosophy, UX, tech + collective intelligence â€” hee/haw"
1270089578511204353,sarcastic positive lover of soy products. Drinker of lattes. Enjoy LARP and butterflies. Totally into arts and stuff. Sculpting is my jamzz. Origami master.
2683897377,Children have the absolute right to a positive ğŸ’™ relationship with BOTH parents. Helping parents strive 4 true #sharedparenting ğŸš«ğŸ‘½ğŸ± End #ParentalAlienation
1313335706790526977,ğŸ”BaCOOOOOOCK!!!!! Stand tall and face fuck em! ROGER! ğŸ“ğŸ’¨ğŸ’©ğŸ’©ğŸ’©ğŸ’©
1317562419414147072,"Opinionated & Passionate. Wide Awake to the crap around us. Australian Govt has lied to us all. We are living a lie.
PhD in Common Sense. 
I do not consent."
141950326,"All praise to God. Love sports - Hurricanes, Cubs, ECU, UNC, Bears. Father, Husband, patriot. FB Gen Flynn, Sgt Slaughter,"
1073639033656336384,"In God we tru$t!
A product of The Land.  Euclid - 200th St & Mentor. Now, living in the Arizona sunshine! It's all Cash Money! Patriot-Freedom Lover!
ğŸ‡ºğŸ‡¸ğŸ‡®ğŸ‡±"
1375200065564901387,This is a centralized source for sharing @Kanakuk @KLIFEinc @KanakukInst @LinkYear and @KAAkamps abuse resources and experiences #KnowBeforeYouGo
1131932167435694080,"â¤ï¸ my husband unconditionally! Had a following once. Just here for me & country now. Love God, Catholic, Our former (real) President, Our country-Cori5 on GETTR"
1447051223115440131,Your chance to get a wide variety of free gift cards.
1333589533837803521,"â€œYou have to think anyway, so why not think big?â€"
1467858052858658818,"All tweets loosely based on reality... Very loose. .. Fuck you all. ğŸ‘... Parody.
I say what I like, and I like what I say."
1393338992,"â€œWhen the debate is lost, slander becomes the tool of the loser.â€"
955423020448960512,
1345283846762356736,Make America Great Again!
574765336,"Those Who Don't  Know The True Value Of Loyalty
Can Never Appreciate The Cost Of Betrayal."
14726230,"Joyfully Catholic mother, editor of ""A Special Mother is Born"", host of ""Living the Gospel of Life"" radio program"
1408816937946157063,"Pitcher Canyon Little Free Library. Charter #106028. Wenatchee, Washington. We love bibliomaniacs. Born on Jan 6. Jan 6 was an inside job. ğŸ‡ºğŸ‡¸"
1336042024835964936,ğŸš¨US Army Combat VeteranğŸª–/French Army Commando Badge~School#4 ğŸ‡«ğŸ‡·/â€œRetiredâ€MTA Transit Police Security Division/First Responder/Knights Order LE MC NY/BikerğŸ
1431429066045988865,
299896657,"A conservative girl who tweets. Kinky, bisexual, Gemini, Romanian, rock chick who loves heels. Sorry liberals, I'm out of fucks to give. Don't/Care ğŸ‡ºğŸ‡¸ğŸ‡·ğŸ‡´"
1351693467559161856,"Merry Christmas!

All-American Woman
Southern Californian
30-something
#FJBLGB!

$GME $AMC

Disney's Star Woke sucks
#Ichooselegends
Star Wars EU fan-fic writer"
2226861570,
1057641522479415297,"Constitutional Conservative Twit killed acct with 65k. Donâ€™t ask me for money! Pro God, Pro Life, Pro Gun. NO PORN! NO CRYPTO! POLITICS ONLY!"
958958453480968192,TRUMP in 2021 #Trump4MoreYears #SaveAmerica #CCOT #NRA #2a #MAGA #BREXIT Less government=more freedom; My pronouns are Audit Every State
1456278285286051842,Texas guardian âŒâŒâŒ
1467755198969909252,
1442997596797079553,I am a successful serial entrepreneur living with my beautiful and talented wife in California. #TrumpWon #AmericaFirst #BackTheBlue #1A #2A
1625961578,Backup account for @AZWS Like #Firearms? Join our #Shootingforum. #TGDN #NRA #TCOT #2A #StandAndFight
33905880,#Christian âœï¸ #ProLife ğŸ‡ºğŸ‡¸ #AmericaFirst ğŸ‡ºğŸ‡¸ #MAGA ğŸ‡ºğŸ‡¸ Gab: Neesie@Neesiegabs ğŸ‡ºğŸ‡¸
1402692386870935554,can not be fooled #TrumpWon
897650054022012929,Jacked my wifes account. Likes do not= endorsement
1448792688518651910,"Retired Federal Investigator - Registered Nurse - Bestselling Novelist.
DMs must be ""On Topic"" 
Look for my books on Amazon - Daniel C. Chamberlain"
1230619862667530241,"Christian âœï¸ American patriotğŸ‡ºğŸ‡¸ animal lover, wife, pureblood, 2A supporter, mother.  â˜•"
4870439738,"Live Video Transmission & Streaming Expert - Sports, Reality TV, News, Live Events. Cancer survivor. LAKings Lakers Dodgers Angels Faiders 1A 2A USCCA NRA IFB"
1094922339828015104,"Author, Retired Software Engineer. #MAGA #2A #TwitmoVet - AUDIT ALL GOV agencies & 535 - JAN7'21 USA DIED"
1430545975278542848,Now do you miss President Trump? ME TOO ğŸ‡ºğŸ‡¸ğŸ‡ºğŸ‡¸ğŸ‡ºğŸ‡¸ Proud conservative. Unapologetic Trump supporter!!!!
1384159857666789388,ğŸŒºğŸŒºJust your avg gay dude advocating to help the mentally ill get off the streets and into treatment ğŸ³ï¸â€ğŸŒˆ Free Assange Fuck the Establishment esp in LA GenX
1343417951949611008,"CONSERVATIVE/CHRISTIANâœï¸ PRO-GUN, PRO-LIFE, PRO-TRUMP JOHN 3:16 IS MY VACCINE    _**PLZ NO DM ğŸš«@jsorrentino777 BACK UP PLZ FLW #TRUMPWON #MAGA #2A #PUREBLOODAF"
54598023,"Musician and Teacher, A multi-instrumentalist indie producer. Jesus is Lord."
124178262,Living life on lifeâ€™s terms.
1310766469815304192,"Crypto Earnings, Fun & More
- Preparing for the next & last ""Greatest Transfer of Wealth""
- #Cryptocurrency #DigitalAssets #Tokens #Coins #Investing"
1188836918521282561,"We're just a family that love to share #fishing videos and photos.
(Content is not ours, credit to the owners)We also have fishing clothing T-shirt Link"
1297877067820945415,ğŸ¤­ConcordğŸ˜‡ Do you want meet for sex? Click here and find me:
2936475563,"$STRONG, $OHM, $Time, $HEC, $Papa, $ETH, $BTC"
2540908256,
1175281185049796609,"â€œBelieve those who are seeking the truth. Doubt those who find itâ€   

ğ”¸ğ•”ğ•¥ğ• ğ•£ ğ”¹ğ•’ğ•¤ğ•–ğ•• â„ğ•–ğ•’ğ•ğ•šğ•¥ğ•ª"
1347740222511976449,I am not evil. 666 is the number of account I am on. I masturbated while you spent time subtweeting me. ğŸ’…
1362533409373970437,freedom over fear. say no to tracking passports
1389131491364401153,Hi I am a Professional Digital Marketer and Shopify Expert. I can grow your online business very Professionally. Contact with me for More details/discussion.
820392510191079424,Selah Saint The Oracle ğŸ‘â¤ğŸ‡ºğŸ‡¸ #MAGA #1A #2A #B1 #America1st #PriestessğŸ•Š #SeerğŸ”® #HealerğŸ™ŒğŸ¾ #Spiritualist #Psychic #Medium #Yogini #Numerology #Jyotish #Tarot
1257058889373270022,"â€œBut a Constitution of Government once changed from Freedom, can never be restored. Liberty once lost is lost forever.â€

John Adams - 1775"
1431429066045988865,
299896657,"A conservative girl who tweets. Kinky, bisexual, Gemini, Romanian, rock chick who loves heels. Sorry liberals, I'm out of fucks to give. Don't/Care ğŸ‡ºğŸ‡¸ğŸ‡·ğŸ‡´"
1351693467559161856,"Merry Christmas!

All-American Woman
Southern Californian
30-something
#FJBLGB!

$GME $AMC

Disney's Star Woke sucks
#Ichooselegends
Star Wars EU fan-fic writer"
2226861570,
1057641522479415297,"Constitutional Conservative Twit killed acct with 65k. Donâ€™t ask me for money! Pro God, Pro Life, Pro Gun. NO PORN! NO CRYPTO! POLITICS ONLY!"
958958453480968192,TRUMP in 2021 #Trump4MoreYears #SaveAmerica #CCOT #NRA #2a #MAGA #BREXIT Less government=more freedom; My pronouns are Audit Every State
1456278285286051842,Texas guardian âŒâŒâŒ
1467755198969909252,
1442997596797079553,I am a successful serial entrepreneur living with my beautiful and talented wife in California. #TrumpWon #AmericaFirst #BackTheBlue #1A #2A
1625961578,Backup account for @AZWS Like #Firearms? Join our #Shootingforum. #TGDN #NRA #TCOT #2A #StandAndFight
33905880,#Christian âœï¸ #ProLife ğŸ‡ºğŸ‡¸ #AmericaFirst ğŸ‡ºğŸ‡¸ #MAGA ğŸ‡ºğŸ‡¸ Gab: Neesie@Neesiegabs ğŸ‡ºğŸ‡¸
2758364923,"Proud member of #AthleticsNation , #BroncosCountry and #CelticsNation and have been for 30 years"
1254646290018959360,âŒichigan still sucks! Pour one out if you love the BuckeyesğŸ» Will follow back anyone who bleeds Scarlet n Gray â­•ï¸ğŸ™Œ beat Utah
1465749147890470920,
36045622,"Broncos, Rockies, Avs & Arsenal FC fan, I like sports"
586384888,Beetroot is my life. Despise the SNP
4108627456,
1323373241059213313,"Conservative State Representative for Ohioâ€™s 63rd district. Air Force Veteran, Pro-#2A, Pro-Life, Pro-Worker, Pro-Liberty, America First! #VoltageValley"
1329171068196622337,COLâ€™s dtr(âœï¸@ArlingtonNatl) 5 Bros @75thRGRRGT1942 ğŸš«DM FB: @JosephJFlynn1 @atensnut @Catturd2 @T_S_P_O_O_K_Y @JovanHPulitzer @ScottPresler @laralogan
1403892031018180608,"For the last time
insta:sigurdsmm,
professional homie lover, Tiktok: hexavalentz"
257246120,I am me
1267047866050187264,ğŸ´ó §ó ¢ó ³ó £ó ´ó ¿
1434039527698432002,"Quantum theorist, ambush fisherman, wit, prodigy, innovator, resourceful, marksman, published, classical Actor, Million Veteran Program (MVP)"
1458161359774883842,
1447252849830752258,Are you interested having a sugar daddy that'll cater for all your needs and show you real love and care always...DM
1326362508320501760,"Roxanne Lyn Cody backup account. but you can also call me Triple-C, Cecelia, Cece, C.C. or Bitch, because I'm bitchy. I want revenge"
2800504074,this is wot we call music...
1329878096506462218,"JackğŸ’™â€™s all rescue ğŸ¶s ğŸ¾ & ğŸs ! ğŸ’•Bucs Tequila TomğŸ& Gronk. Christmas â›„ï¸ğŸ„coming!! Jack is so excited!Brady our GOAT always finds a way 2 win,he ran 4 TD 2!"
830571645140090880,"The GOP remains a clear and present danger to democracy.

I block MAGAts on sight . . ."
1247570036560211968,Fighting for American Workers
83007175,Follow back plz ğŸ™ğŸ»- Anti-fascist ğŸ´ğŸš© â€¢ Covering dear #PDX â¤ï¸ğŸ–¤ â€¢ A 100% classy Ted Wheeler parody account â€¢ #AbolishICE #ACAB #VivaAntifa #BlackLivesMatter
1441892018825748480,Down to earth and have a great personality..I hope to make some friends here and get to know each
806008213552234496,"America the Beautifulâ€¦.crown the good with brotherhood from sea to shining sea (Prior to living under a blankets of lies, corruption, conspiracy and fraud)"
1195752995763445766,"Trans woman of color. Artist. Poet. She/Her.

Read pinned tweet.

https://t.co/eyROpy50oU
https://t.co/kTeVuPPMpr"
1367269385665183745,Where do you like being touched the most?Â 
1314634280673243136,18+ ğ”‰ğ”¢ğ”±ğ”¦ğ”°ğ”¥ ğ”ğ”¬ğ”¡ğ”¢ğ”© // ğ™»ğšğš—ğšŠğš‹ğšğš•ğš•ğš ğ™»ğšğš :: PARANORMAL PORNOGRAPHY :: https://t.co/aCFKPKAUYp
1416803579684327428,"I'm back, y'all! ğŸ™‹ğŸ¼â€â™€ï¸
Living in the Arctic, doing my thing â„ï¸ğŸ»â€â„ï¸"
1282012840304562178,"We live in the field of all possibilities, so choose something fun.
Defiance, not violence.
I'm on guard for you, Canada."
1469854456464424962,Truth and freedom.
26695674,
1291834545659158533,"Things are not as they appear, search for truth, Seek God & Iâ€™m someone you may know ~Cracker Lackin...Navy VET ~ Son USNA class 2015 LDO/O6"
1449516924187070465,typ o -
963559860,Merry Christmas ğŸ„
631182374,Injustice Triggers me. Vocal & Outspoken.  Scientist. Melanin Expert. Writer. Consultant to Consultants. Brand Strategist. Environmentalist.
1458931518588473354,
1445146052215062539,
1345520677634383878,"I'm Dean Johnson.  
Independent journalist. Media analyst. Cultural critic. 
thedeanpodcast@protonmail.com"
318430983,"We, genuine hue-man souls are soldiers of Life...Defenders of the hue-man species. | Find your way back to Eden (Earth-land) | Views=My Own"
1460040516234625026,"Concert, Festivals & Stories From the Past. ğŸ¶ ğŸ¸ ğŸ§  ğŸ· 

ğŸ˜ŠğŸ™ğŸ¶"
1470874250814935046,Back up account only - check out the videos pinned to my profile
1470785435332919301,"Now faith is the substance of things hoped for, the evidence of things not seen. -Hebrews 11:1
Faith in Action"
1424813235325128704,"crypto, politics, religion, current events
like serious conversations, to learn
and have fun playing devil's advocate sometimes ."
10105942,"It Shines for All.

The New York Sun returns in 2022. Sign up for insider updates: https://t.co/9O4KOWuDSU"
1421770901218074624,"Founder, Root and Branch Association, Ltd.
Co-Host, with Roseanne Barr, ""Dark to Light from Jerusalem""
https://t.co/VWq7pgmVR3"
1093261703117242378,Serious But Mysterious. Jesus Is LORD.
1243543455772676096,"hi! Iâ€™m a 63-year-old widow and I live in Cedar city, Utah. A massive fan ğŸ’« proud follower of skin walker ranchâ¤ï¸"
1303803008434741248,"Jesus ğŸ’’Said, Fear God Prostrate to God, God is the king of Kings. ğŸ¥All powers belongs to God ğŸ™ğŸ½ğŸ™ğŸ»"
1436375988745785376,ğŸ’¥This is not a game ğŸ’¥ ğŸ’¥The end is not for everyone ğŸ’¥
822882026516836352,"Pronouns: Fee, Fi, Fo, and Fum , I am a mental Giant in a sea of stupid, woke, liberal mental midgets."
1366812569311338497,
1304416662771437568,#AngelMom to Dustin Lee Gledhill 4-15-89~8-25-89& Allison Leigh Gledhill 9-4-91 ~3-20-17 #Conservative values. #AirForce brat.  https://t.co/3uMMrjsVsk
1462651560341737474,I'm all about speaking up for those that can't
390368666,"small town goes big city, love my family(wife,kids,grandkids), and my Canucks, wish I could see my parents alot more than once a year."
788790242216214529,#MAGA #PresidentTrumpisStillmyPresident ğŸ‡ºğŸ‡¸ #BestPresidentEver #TrumpWon #DemocratsSUCK!!#LGBFJB
1316642951888502784,"Pronouns: Forensic/Audit/Every/State

PureBlood/Non-mNRA

I will Fall before I Kneel."
312646080,"Things aren't always what they seem. Look to the heavens for our Savior cometh soon âœï¸ğŸ’œğŸ’œ
Absolutely no DMs"
361027557,"Author, police officer, with M.A. in medieval British history--weird, maybe, but there you go."
1119387559543468032,
806652036515328001,Proud Trumplican (was a Republican) - Party of Common Sense. The best President ever didn't have to do this - he loves America and has made a sacrifice for us.
1465462520617979907,
1459189145511866368,I'm special because that's how God made me! I wish he'd done better with the looks though! I love to sing.
1430211561491206147,"AMERICA FIRST - FREEDOM - TRUMP - PATRIOT

""The tree of liberty must be refreshed from time to time with the blood of patriots and tyrants.""

IFB ALL PATRIOTS"
4738806510,"Proud American Independent Voter who knows Biden will DESTROY what our Founders built
#MAGA  #PATRIOT"
1431910202,PRESERVE THE AMERICAN REPUBLIC! ~ Constitutional Conservative Patriot 2A=1A US Navy #codeofvets MAGA Anti-Communist RTs-Not Endorsed
783421940388270081,Who can read the Bible ? Who am I ? 2 4 6 O 1.
1333830045832515587,Brazil Uncovered. News and insight about the real Brazil. Social media: https://t.co/xasCHTuP2V
1324798957185339393,hello greetings from The Gambia ğŸ‡¬ğŸ‡² itâ€™s a great pleasure to been on Twitter I am Amadou manneh
937767856179048448,Newsandstory is one of the best news and story and articles publishing and sharing community. It encourages free voice beyond all kind of restriction.
1347665374251266054,"Was @Anne19brown (Dr. Deplorabelle Chicklet) before @Twitter suspended me. 

LEGAL Immigrant, Ph. D., 
#BidenIsNotMyPresident"
19831079,"Dad, Freedom"
1296363469466472448,Loyal
1326234531217760257,"Engineer Democrat Love my Dog. (My new Account) #Resistance to trump fascism & his enablers. Democracy! ğŸ—½ ğŸ³ï¸â€ğŸŒˆ ğŸŒˆ& #BLM, Equality for ALL ğŸŒŠğŸ‡ºğŸ‡¸ğŸ˜· ğŸš«DM 
IFB"
1393648149558927374,ğŸ’•Babeangel - Sagittarius - 25ğŸ˜—
98429846,"Teacher once, librarian now, writer for @wsws_updates. https://t.co/3SLtWinFvyâ€¦; Educators Rank-and-File Safety Committee"
1119867708290424833,"Lincoln Republican-Switched to Democrat, country before party, advocate for women, small business owner. Canceled by the @AZGOP & @kelliwardaz"
18219671,PBS @NewsHour's classroom resource site for middle and high school teachers and students. Likes/RTs â‰  endorsements.
1341442424074362884,"Volunteers in NY following science, asking the Governor & others to end COVID in NYS, part of @zerocovidus @endCOVID19 Plan: https://t.co/nzlynpi7Ih"
1276925063170752513,Travel Buff who visited 135 countries for extremely cheap prices. Some flights were only $9 bucks. I'm a champion for human rights who fought work racism @ DOE.
450776559,ESL teacher at Francis Lewis High School. UFT High School Executive Board member
1295221951217242113,"A community of NYC public school educators. Reimagine our schools w/ us. Equity, democracy, accountability, responsiveness, unionism, professionalism & pedagogy"
1192096620663496704,"Healthcare for all, end income/any inequality. Thank you Bernie. *Lots of COVID stuff* Be kind, attack systems and leaders who let people die

(jpg from Reddit)"
1089397422,
1375759571344576513,Bin bio... also ungespritzt
1425891865979654150,"There's something wrong with the world today.
I don't know what it is.
Something's wrong with our eyes.
We're seeing things in a different way...."
1370561941668835328,
1458071600805281801,Up to You... #TeamReitschuster #TeamSahra
1217050839799549952,"Recht, Gerechtigkeit, Tradition, Familie, Vernunft, Kritik, Diskussion, Kampf bis zum letzten Atemzug... Gegen Sozialismus in allen Farben und Formen! Freiheit!"
1219922059805044736,"Rentner, Kritiker, nicht einverstanden mit der deutschen Regierung aus Roten- GrÃ¼nen- Gelben, bin nicht rechts und kein Nazi, habe einfach meine freie Meinung."
103659211,
1459264267614625792,MÃ¶chte nur in Frieden leben â¤ï¸
1432396393692475400,"Verzweifeln Sie ruhig, aber zweifeln Sie nicht."
1373211338240106498,MÃ¥nga bÃ¤ckar smÃ¥ gÃ¶r en stor Ã¥
2806480108,"Lover of all beings. Mother, grandmother, photographer, thinker, naturalist, traveler, sea glass collector."
1465242978851561479,"I am a Yaqui Great=grandmother , with 5 Children , 15 Grandchildren , and 1 great=grandson , Water protector , Climate Activist , BLM , No DM's, I follow back"
832548120038928385,Rooted in jazz and acoustic music but always trying new things out! You are invited to the journey â¡ï¸ https://t.co/LYVqi940Reâ€¦
1378785200189095938,"There is no pandemic. I will not wear a face covering, or get the so-called vaccine. Follows, likes, and retweets do not necessarily imply agreement. Anarchist."
1189673671016751105,"Just an average advocate of all major sports, insights and information on legal sports-betting. But highly informed, and a critical thinker & Freedom activists"
1412581572881092614,"Archaeologist, Architectural historian, Leftist apostate. Wokeness delenda est. 
| Gametes: small motile"
1324433752160837633,"â€œWhen all of us band together against injustices and in defense of privacy and basic human rights, we can defend ourselves from even the most powerful systems."
733695714,my last account was banned forever.. they forgot I have a backup. #MAGA #FW. most tweets will have a typo.. I work in the dark to serve the light.
1355230806269112321,"I have no confidence in politicians, mainstream media, big pharma and bankers! Their track record is appalling."
1458410746157666306,Everything in life lives in the mind.
214280711,"father of three wonderful daughters****
weather geek/RU meteorology '90"
